Title|Job Links
Java Jobs|https://www.monsterindia.com/search/java-jobs
Sql Jobs|https://www.monsterindia.com/search/sql-jobs
Software Engineering Jobs|https://www.monsterindia.com/search/software-engineering-jobs
Python Jobs|https://www.monsterindia.com/search/python-jobs
Javascript Jobs|https://www.monsterindia.com/search/javascript-jobs
HTML Jobs|https://www.monsterindia.com/search/html-jobs
C# Jobs|https://www.monsterindia.com/search/c-jobs
CSS Jobs|https://www.monsterindia.com/search/css-jobs
AWS Jobs|https://www.monsterindia.com/search/aws-jobs
C++ Jobs|https://www.monsterindia.com/search/c-jobs
Angular Jobs|https://www.monsterindia.com/search/angular-jobs
Devops Jobs|https://www.monsterindia.com/search/devops-jobs
Software Development Jobs|https://www.monsterindia.com/search/software-development-jobs
Spring Boot Jobs|https://www.monsterindia.com/search/spring-boot-jobs
Performance Jobs|https://www.monsterindia.com/search/performance-jobs
agile Jobs|https://www.monsterindia.com/search/agile-jobs
Azure Jobs|https://www.monsterindia.com/search/azure-jobs
.NET Jobs|https://www.monsterindia.com/search/net-jobs
Git Jobs|https://www.monsterindia.com/search/git-jobs
Microservices Jobs|https://www.monsterindia.com/search/microservices-jobs
Technical Support Jobs|https://www.monsterindia.com/search/technical-support-jobs
Tally Jobs|https://www.monsterindia.com/search/tally-jobs
Ms Excel Jobs|https://www.monsterindia.com/search/ms-excel-jobs
Hibernate Jobs|https://www.monsterindia.com/search/hibernate-jobs
Core Java Jobs|https://www.monsterindia.com/search/core-java-jobs
Research Jobs|https://www.monsterindia.com/search/research-jobs
Spring Jobs|https://www.monsterindia.com/search/spring-jobs
python Jobs|https://www.monsterindia.com/search/python-jobs
Mvc Jobs|https://www.monsterindia.com/search/mvc-jobs
Xml Jobs|https://www.monsterindia.com/search/xml-jobs
Testing Jobs|https://www.monsterindia.com/search/testing-jobs
Software Engineer Jobs|https://www.monsterindia.com/search/software-engineer-jobs
Docker Jobs|https://www.monsterindia.com/search/docker-jobs
Jenkins Jobs|https://www.monsterindia.com/search/jenkins-jobs
Html5 Jobs|https://www.monsterindia.com/search/html5-jobs
oracle Jobs|https://www.monsterindia.com/search/oracle-jobs
Agile Jobs|https://www.monsterindia.com/search/agile-jobs
Linux Jobs|https://www.monsterindia.com/search/linux-jobs
react.js  Jobs|https://www.monsterindia.com/search/reactjs-jobs
